Dates,Prices
2020-10-31,10.108175667200044
2020-11-01,10.599442584879966
2020-11-02,10.31142137454151
2020-11-03,10.358765616075402
2020-11-04,10.464628237535862
2020-11-05,10.638141661429927
2020-11-06,10.711291815875711
2020-11-07,10.59455715868171
2020-11-08,10.608853865690207
2020-11-09,10.32083265535175
2020-11-10,10.36817689688553
2020-11-11,10.474039518346103
2020-11-12,10.647552942240168
2020-11-13,10.720703096685952
2020-11-14,10.60396843949195
2020-11-15,10.618265146500335
2020-11-16,10.330243936161878
2020-11-17,10.37758817769577
2020-11-18,10.483450799156344
2020-11-19,10.656964223050409
2020-11-20,10.73011437749608
2020-11-21,10.613379720302078
2020-11-22,10.627676427310575
2020-11-23,10.339655216972119
2020-11-24,10.386999458506011
2020-11-25,10.492862079966585
2020-11-26,10.666375503860536
2020-11-27,10.73952565830632
2020-11-28,10.622791001112319
2020-11-29,10.637087708120816
2020-11-30,10.34906649778236
2020-12-01,10.396410739316138
2020-12-02,10.502273360776712
2020-12-03,10.675786784670777
2020-12-04,10.748936939116561
2020-12-05,10.63220228192256
2020-12-06,10.646498988931057
2020-12-07,10.358477778592487
2020-12-08,10.40582202012638
2020-12-09,10.511684641586953
2020-12-10,10.685198065481018
2020-12-11,10.758348219926802
2020-12-12,10.641613562732687
2020-12-13,10.655910269741184
2020-12-14,10.367889059402728
2020-12-15,10.41523330093662
2020-12-16,10.521095922397194
2020-12-17,10.694609346291145
2020-12-18,10.76775950073693
2020-12-19,10.651024843542928
2020-12-20,10.665321550551425
2020-12-21,10.377300340212969
2020-12-22,10.424644581746861
2020-12-23,10.530507203207321
2020-12-24,10.704020627101386
2020-12-25,10.77717078154717
2020-12-26,10.660436124353168
2020-12-27,10.674732831361666
2020-12-28,10.386711621023096
2020-12-29,10.434055862556988
2020-12-30,10.539918484017562
2020-12-31,10.945840580482809
2021-01-01,10.894208560102925
2021-01-02,10.79720044752753
2021-01-03,10.828470381798411
2021-01-04,10.564200072682183
2021-01-05,10.602400745640693
2021-01-06,10.708263478859976
2021-01-07,10.862960029322835
2021-01-08,10.903619840913052
2021-01-09,10.806611728337657
2021-01-10,10.837881662608652
2021-01-11,10.573611353492424
2021-01-12,10.611812026450934
2021-01-13,10.717674759670103
2021-01-14,10.872371310132962
2021-01-15,10.913031121723293
2021-01-16,10.816023009147898
2021-01-17,10.847292943418893
2021-01-18,10.583022634302665
2021-01-19,10.621223307261062
2021-01-20,10.727086040480344
2021-01-21,10.881782590943203
2021-01-22,10.922442402533534
2021-01-23,10.825434289958139
2021-01-24,10.85670422422902
2021-01-25,10.592433915112792
2021-01-26,10.630634588071302
2021-01-27,10.736497321290585
2021-01-28,10.891193871753444
2021-01-29,10.931853683343775
2021-01-30,10.834845570768266
2021-01-31,10.888264859258697
2021-02-01,10.601845195923033
2021-02-02,10.640045868881543
2021-02-03,10.745908602100826
2021-02-04,10.900605152563571
2021-02-05,10.941264964153902
2021-02-06,10.844256851578507
2021-02-07,10.875526785849502
2021-02-08,10.611256476733274
2021-02-09,10.64945714969167
2021-02-10,10.755319882910953
2021-02-11,10.910016433373812
2021-02-12,10.950676244964143
2021-02-13,10.853668132388748
2021-02-14,10.884938066659743
2021-02-15,10.620667757543401
2021-02-16,10.658868430501911
2021-02-17,10.764731163721194
2021-02-18,10.919427714184053
2021-02-19,10.960087525774384
2021-02-20,10.863079413198875
2021-02-21,10.89434934746987
2021-02-22,10.630079038353642
2021-02-23,10.668279711312152
2021-02-24,10.774142444531435
2021-02-25,10.92883899499418
2021-02-26,10.969498806584511
2021-02-27,10.872490694009116
2021-02-28,10.90376062828011
2021-03-01,10.602086288602436
2021-03-02,10.640287050967913
2021-03-03,10.746149664977793
2021-03-04,10.900846126033684
2021-03-05,10.941505967426338
2021-03-06,10.844497974060232
2021-03-07,10.875767908331227
2021-03-08,10.611497569412563
2021-03-09,10.64969833177804
2021-03-10,10.755560945788034
2021-03-11,10.910257406843925
2021-03-12,10.950917248236578
2021-03-13,10.853909254870473
2021-03-14,10.885179189141354
2021-03-15,10.620908850222804
2021-03-16,10.659109612588281
2021-03-17,10.764972226598275
2021-03-18,10.919668687654166
2021-03-19,10.960328529046706
2021-03-20,10.8633205356806
2021-03-21,10.894590469951595
2021-03-22,10.630320131033045
2021-03-23,10.668520893398522
2021-03-24,10.774383507408402
2021-03-25,10.929079968464293
2021-03-26,10.969739809856947
2021-03-27,10.872731816490841
2021-03-28,10.904001750761836
2021-03-29,10.639731411843286
2021-03-30,10.67793217420865
2021-03-31,10.907805559731628
2021-04-01,10.326758498143477
2021-04-02,10.36741845874542
2021-04-03,10.262842851062373
2021-04-04,10.294112785333255
2021-04-05,10.01859281477141
2021-04-06,10.056793577136887
2021-04-07,10.162656280553847
2021-04-08,10.336169778953717
2021-04-09,10.37682973955566
2021-04-10,10.2722541318725
2021-04-11,10.303524066143495
2021-04-12,10.02800409558165
2021-04-13,10.066204857947127
2021-04-14,10.172067561364088
2021-04-15,10.337442999194081
2021-04-16,10.378102944894863
2021-04-17,10.273527352112978
2021-04-18,10.304797286383973
2021-04-19,10.037415376391891
2021-04-20,10.075616138757255
2021-04-21,10.17334075180213
2021-04-22,10.346854280004322
2021-04-23,10.387514225705104
2021-04-24,10.28293863292322
2021-04-25,10.314208567194214
2021-04-26,10.046826657202018
2021-04-27,10.085027419567496
2021-04-28,10.18275203261237
2021-04-29,10.356265560814563
2021-04-30,10.396925506515345
2021-05-01,9.957281360047205
2021-05-02,9.988551234713555
2021-05-03,9.688679279889243
2021-05-04,9.726879982650075
2021-05-05,9.824604685101917
2021-05-06,9.998118064292498
2021-05-07,10.071267950517267
2021-05-08,9.966692640857445
2021-05-09,9.997962515523795
2021-05-10,9.698090560699484
2021-05-11,9.736291263460316
2021-05-12,9.834015965912045
2021-05-13,10.007529345102625
2021-05-14,10.080679231327508
2021-05-15,9.976103921667686
2021-05-16,10.007373796334036
2021-05-17,9.707501841509611
2021-05-18,9.745702544270443
2021-05-19,9.843427246722285
2021-05-20,10.016940625912866
2021-05-21,10.090090512137749
2021-05-22,9.985515202477927
2021-05-23,10.016785077144164
2021-05-24,9.716913122319852
2021-05-25,9.755113825080684
2021-05-26,9.852838527532526
2021-05-27,10.026351906723107
2021-05-28,10.099501792947876
2021-05-29,9.994926483288054
2021-05-30,10.026196357954404
2021-05-31,9.858736479126492
2021-06-01,9.769844880041774
2021-06-02,9.86123646977694
2021-06-03,10.034749848967408
2021-06-04,10.107899794796936
2021-06-05,10.003324425532469
2021-06-06,10.034594300198819
2021-06-07,9.741055458091182
2021-06-08,9.7792561608519
2021-06-09,9.870647750587068
2021-06-10,10.044161129777649
2021-06-11,10.117311075607176
2021-06-12,10.01273570634271
2021-06-13,10.044005581008946
2021-06-14,9.75046673890131
2021-06-15,9.931029082592318
2021-06-16,9.972742585092988
2021-06-17,10.097156608347518
2021-06-18,10.170306524374723
2021-06-19,10.01578639669492
2021-06-20,10.039447023199955
2021-06-21,9.902239660641726
2021-06-22,9.940440363402558
2021-06-23,9.982153865903229
2021-06-24,10.106567889157645
2021-06-25,10.17971780518485
2021-06-26,10.025197677505162
2021-06-27,10.048858304010196
2021-06-28,9.911650941451967
2021-06-29,9.949851644212686
2021-06-30,9.991565146713356
2021-07-01,10.115979169967886
2021-07-02,10.189129085995091
2021-07-03,10.034608958315403
2021-07-04,10.058269584820437
2021-07-05,9.921062222262094
2021-07-06,9.959262925022927
2021-07-07,10.000976427523597
2021-07-08,10.125390450778127
2021-07-09,10.198540366805332
2021-07-10,10.04402023912553
2021-07-11,10.067680865630564
2021-07-12,9.930473503072335
2021-07-13,9.968674205833167
2021-07-14,10.010387708333838
2021-07-15,10.134801731588368
2021-07-16,10.20795164761546
2021-07-17,10.05343151993577
2021-07-18,10.077092146440805
2021-07-19,9.939884783882576
2021-07-20,9.978085486643408
2021-07-21,10.019798989143965
2021-07-22,10.144213012398495
2021-07-23,10.2173629284257
2021-07-24,10.062842800746012
2021-07-25,10.086503427251046
2021-07-26,9.949296064692703
2021-07-27,9.987496767453536
2021-07-28,10.029210269954206
2021-07-29,10.153624293208736
2021-07-30,10.226774209235941
2021-07-31,10.09690751630967
2021-08-01,10.07514612524028
2021-08-02,9.957832766550155
2021-08-03,9.996033469310987
2021-08-04,10.027689105238323
2021-08-05,10.152103039085887
2021-08-06,10.218927620802447
2021-08-07,10.060896779545487
2021-08-08,10.084557406050521
2021-08-09,9.967244047360396
2021-08-10,10.005444750121228
2021-08-11,10.037100386048564
2021-08-12,10.161514319896014
2021-08-13,10.228338901612688
2021-08-14,10.070308060355728
2021-08-15,10.093968686860762
2021-08-16,10.026791775123456
2021-08-17,10.064992477884175
2021-08-18,10.096648113811511
2021-08-19,10.221062017856752
2021-08-20,10.258978972706132
2021-08-21,10.100948131449172
2021-08-22,10.117327335339041
2021-08-23,10.036203055933584
2021-08-24,10.074403758694416
2021-08-25,10.106059394621752
2021-08-26,10.230473298666993
2021-08-27,10.268390253516372
2021-08-28,10.1103594122593
2021-08-29,10.126738616149282
2021-08-30,10.045614336743824
2021-08-31,10.275186778415332
2021-09-01,10.107192245923784
2021-09-02,10.231605971154977
2021-09-03,10.269522985609001
2021-09-04,10.11021350551232
2021-09-05,10.126592709402303
2021-09-06,10.046747188045856
2021-09-07,10.084947890806689
2021-09-08,10.116603526733911
2021-09-09,10.241017251965218
2021-09-10,10.278934266419242
2021-09-11,10.11962478632256
2021-09-12,10.136003990212544
2021-09-13,10.056158468855983
2021-09-14,10.094359171616816
2021-09-15,10.0703832891802
2021-09-16,10.19479707401615
2021-09-17,10.232714088470175
2021-09-18,10.073404548768735
2021-09-19,10.089783752658718
2021-09-20,10.052934578252803
2021-09-21,10.048138934063104
2021-09-22,10.07979456999044
2021-09-23,10.204208354826392
2021-09-24,10.242125369280302
2021-09-25,10.082815829578976
2021-09-26,10.099195033468959
2021-09-27,10.062345859063043
2021-09-28,10.057550214873345
2021-09-29,10.089205850800568
2021-09-30,10.213619635636519
2021-10-01,10.266512674718228
2021-10-02,10.099833437922939
2021-10-03,10.1086063142792
2021-10-04,10.08673316450097
2021-10-05,10.081937520311158
2021-10-06,10.113593156238494
2021-10-07,10.238006941074445
2021-10-08,10.27592395552847
2021-10-09,10.10924471873318
2021-10-10,10.118017595089327
2021-10-11,10.096144445311097
2021-10-12,10.091348801121399
2021-10-13,10.123004437048735
2021-10-14,10.247418221884686
2021-10-15,10.285335236338597
2021-10-16,10.118655999543307
2021-10-17,10.127428875899568
2021-10-18,10.162194026540192
2021-10-19,10.157398382350493
2021-10-20,10.18905401827783
2021-10-21,10.256829502694814
2021-10-22,10.294746517148837
2021-10-23,10.128067280353548
2021-10-24,10.136840156709809
2021-10-25,10.171605307350433
2021-10-26,10.16680966316062
2021-10-27,10.198465299087957
2021-10-28,10.266240783505054
2021-10-29,10.304157797959078
2021-10-30,10.137478561163789
2021-10-31,10.123388764714264
2021-11-01,11.052292609164283
2021-11-02,11.056640496297064
2021-11-03,11.0882961322244
2021-11-04,11.156071735850787
2021-11-05,11.193988750304811
2021-11-06,11.027309304893151
2021-11-07,11.026715281520637
2021-11-08,11.061703889974524
2021-11-09,11.066051777107305
2021-11-10,11.097707413034641
2021-11-11,11.165483016660914
2021-11-12,11.203400031114938
2021-11-13,11.036720585703392
2021-11-14,11.036126562330878
2021-11-15,11.155485307045751
2021-11-16,11.159833253783177
2021-11-17,11.1914888897104
2021-11-18,11.238497400632014
2021-11-19,11.27641444488836
2021-11-20,11.109735029279136
2021-11-21,11.109141005906622
2021-11-22,11.164896587855878
2021-11-23,11.169244534593304
2021-11-24,11.20090017052064
2021-11-25,11.247908681442254
2021-11-26,11.2858257256986
2021-11-27,11.119146310089263
2021-11-28,11.11855228671675
2021-11-29,11.17430786866612
2021-11-30,11.178655815403545
2021-12-01,11.210311451330881
2021-12-02,11.257319962252495
2021-12-03,11.295237006508728
2021-12-04,11.128557590899504
2021-12-05,11.12796356752699
2021-12-06,11.18371914947636
2021-12-07,11.188067096213786
2021-12-08,11.219722732141008
2021-12-09,11.266731243062623
2021-12-10,11.304648287318969
2021-12-11,11.137968871709745
2021-12-12,11.137374848337231
2021-12-13,11.193130430286601
2021-12-14,11.197478377023913
2021-12-15,11.22913401295125
2021-12-16,11.276142523872863
2021-12-17,11.31405956812921
2021-12-18,11.147380152519986
2021-12-19,11.146786129147358
2021-12-20,11.202541711096728
2021-12-21,11.206889657834154
2021-12-22,11.23854529376149
2021-12-23,11.285553804683104
2021-12-24,11.323470848939337
2021-12-25,11.156791433330113
2021-12-26,11.1561974099576
2021-12-27,11.21195299190697
2021-12-28,11.216300938644395
2021-12-29,11.247956574571731
2021-12-30,11.294965085493232
2021-12-31,11.394854896864217
2022-01-01,11.35226078837627
2022-01-02,11.368639992266253
2022-01-03,11.437556458595964
2022-01-04,11.449249247290368
2022-01-05,11.475006526780021
2022-01-06,11.503198000357656
2022-01-07,11.508624731560872
2022-01-08,11.361672069186511
2022-01-09,11.378051273076494
2022-01-10,11.446967739406091
2022-01-11,11.458660528100609
2022-01-12,11.484417807590262
2022-01-13,11.512609281167897
2022-01-14,11.531546358783771
2022-01-15,11.371083349996638
2022-01-16,11.387462553886621
2022-01-17,11.46988936662899
2022-01-18,11.481582155323508
2022-01-19,11.507339434813161
2022-01-20,11.535530908390683
2022-01-21,11.540957639593898
2022-01-22,11.38049463080688
2022-01-23,11.396873834696862
2022-01-24,11.479300647439231
2022-01-25,11.49099343613375
2022-01-26,11.516750715623289
2022-01-27,11.544942189200924
2022-01-28,11.55036892040414
2022-01-29,11.38990591161712
2022-01-30,11.406285115507103
2022-01-31,11.532845591426849
2022-02-01,11.500404716943876
2022-02-02,11.52616199643353
2022-02-03,11.554353470011165
2022-02-04,11.55978020121438
2022-02-05,11.399317192427361
2022-02-06,11.41569639631723
2022-02-07,11.4981232090596
2022-02-08,11.509815997754117
2022-02-09,11.53557327724377
2022-02-10,11.563764750821406
2022-02-11,11.569191482024507
2022-02-12,11.408728473237488
2022-02-13,11.425107677127471
2022-02-14,11.714054272413023
2022-02-15,11.72574718031683
2022-02-16,11.675028958745884
2022-02-17,11.671567266506258
2022-02-18,11.676993878500184
2022-02-19,11.533785639515258
2022-02-20,11.54737218698358
2022-02-21,11.723465553223264
2022-02-22,11.735158461126957
2022-02-23,11.684440239556125
2022-02-24,11.6809785473165
2022-02-25,11.686405159310425
2022-02-26,11.5431969203255
2022-02-27,11.556783467793707
2022-02-28,11.73287683403339
2022-03-01,11.707165681573429
2022-03-02,11.656447460002596
2022-03-03,11.65298576776297
2022-03-04,11.658412498966186
2022-03-05,11.515204140771857
2022-03-06,11.528790688240178
2022-03-07,11.704884173689152
2022-03-08,11.71657696238367
2022-03-09,11.665858740812837
2022-03-10,11.662397048573098
2022-03-11,11.667823779776313
2022-03-12,11.524615421582098
2022-03-13,11.53820196905042
2022-03-14,11.714295454499393
2022-03-15,11.725988243193797
2022-03-16,11.449396491711923
2022-03-17,11.445934799472298
2022-03-18,11.457612210168463
2022-03-19,11.359698136794805
2022-03-20,11.389023052297489
2022-03-21,11.511404706176677
2022-03-22,11.523097614080484
2022-03-23,11.458807772522164
2022-03-24,11.455346080282538
2022-03-25,11.467023490978704
2022-03-26,11.369109417604932
2022-03-27,11.398434333107616
2022-03-28,11.520815986986918
2022-03-29,11.532508894890725
2022-03-30,11.468219053332405
2022-03-31,11.519531943478682
2022-04-01,10.812648628724332
2022-04-02,10.707166583405865
2022-04-03,10.736491528710872
2022-04-04,10.84762395327823
2022-04-05,10.859316809027973
2022-04-06,10.795027004722442
2022-04-07,10.810382349826796
2022-04-08,10.822059909534573
2022-04-09,10.716577864216106
2022-04-10,10.745902809521112
2022-04-11,10.857035234088357
2022-04-12,10.8687280898381
2022-04-13,10.804438285532683
2022-04-14,10.819793630637037
2022-04-15,10.801475063454632
2022-04-16,10.695993226752421
2022-04-17,10.725318023045702
2022-04-18,10.836450537020028
2022-04-19,10.848143325714545
2022-04-20,10.783853469255064
2022-04-21,10.799208814359417
2022-04-22,10.810886344264759
2022-04-23,10.705404507562548
2022-04-24,10.734729303855943
2022-04-25,10.845861817830269
2022-04-26,10.857554606524786
2022-04-27,10.793264750065191
2022-04-28,10.808620095169545
2022-04-29,10.820297625075
2022-04-30,10.714815788372789
2022-05-01,10.419704575735977
2022-05-02,10.498346791558333
2022-05-03,10.510039818671316
2022-05-04,10.445749679089772
2022-05-05,10.461105113601093
2022-05-06,10.505273135373614
2022-05-07,10.399790941043534
2022-05-08,10.429115856546105
2022-05-09,10.50775807236846
2022-05-10,10.519451099481557
2022-05-11,10.455160959900013
2022-05-12,10.470516394411334
2022-05-13,10.514684416183854
2022-05-14,10.409202221853661
2022-05-15,10.438527137356346
2022-05-16,10.517169353178701
2022-05-17,10.528862380291798
2022-05-18,10.464572240710254
2022-05-19,10.479927675221461
2022-05-20,10.524095696993982
2022-05-21,10.418613502663902
2022-05-22,10.447938418166586
2022-05-23,10.526580633988942
2022-05-24,10.538273661101925
2022-05-25,10.473983521520381
2022-05-26,10.489338956031702
2022-05-27,10.533506977804223
2022-05-28,10.428024783474143
2022-05-29,10.457349698976827
2022-05-30,10.53599191479907
2022-05-31,10.6985238236432
2022-06-01,10.398680330036768
2022-06-02,10.42532840094259
2022-06-03,10.469496184296531
2022-06-04,10.364014347594207
2022-06-05,10.393339263096891
2022-06-06,10.44473238109515
2022-06-07,10.456425229394313
2022-06-08,10.40809161084701
2022-06-09,10.43473968175283
2022-06-10,10.478907465106658
2022-06-11,10.373425628404448
2022-06-12,10.402750543907132
2022-06-13,10.454143661905391
2022-06-14,10.465836510204554
2022-06-15,10.333812963602327
2022-06-16,10.360461034508148
2022-06-17,10.426183526342925
2022-06-18,10.371940822521879
2022-06-19,10.401265738024563
2022-06-20,10.379865014660709
2022-06-21,10.391557862959871
2022-06-22,10.343224244412568
2022-06-23,10.36987231531839
2022-06-24,10.435594807153166
2022-06-25,10.38135210333212
2022-06-26,10.41067701883469
2022-06-27,10.38927629547095
2022-06-28,10.400969143770112
2022-06-29,10.352635525222809
2022-06-30,10.37928359612863
2022-07-01,10.445006087963293
2022-07-02,10.390763384142247
2022-07-03,10.42008829964493
2022-07-04,10.39868757628119
2022-07-05,10.410380424580353
2022-07-06,10.36204680603305
2022-07-07,10.388694876938757
2022-07-08,10.454417368773534
2022-07-09,10.400174664952488
2022-07-10,10.429499580455172
2022-07-11,10.408098857091431
2022-07-12,10.41979170539048
2022-07-13,10.371458086843177
2022-07-14,10.398106157748998
2022-07-15,10.463828649583775
2022-07-16,10.428557269729708
2022-07-17,10.457882185232279
2022-07-18,10.40267013107325
2022-07-19,10.414362979372413
2022-07-20,10.36602936082511
2022-07-21,10.426488762526219
2022-07-22,10.492211254360996
2022-07-23,10.437968550539836
2022-07-24,10.46729346604252
2022-07-25,10.412081411883491
2022-07-26,10.423774260182654
2022-07-27,10.37544064163535
2022-07-28,10.435900043336346
2022-07-29,10.501622535171123
2022-07-30,10.447379831350077
2022-07-31,10.489922613273507
2022-08-01,10.406118568643592
2022-08-02,10.40132292445378
2022-08-03,10.342931439333142
2022-08-04,10.403390841034252
2022-08-05,10.469113332869028
2022-08-06,10.41790313456022
2022-08-07,10.447228050062904
2022-08-08,10.41552984945372
2022-08-09,10.41073420526402
2022-08-10,10.352342720143383
2022-08-11,10.412802121844493
2022-08-12,10.47852461367927
2022-08-13,10.427314415370347
2022-08-14,10.456639330873031
2022-08-15,10.42494113026396
2022-08-16,10.361922655778699
2022-08-17,10.303531111053417
2022-08-18,10.363990512754526
2022-08-19,10.429713004589189
2022-08-20,10.37850280628038
2022-08-21,10.407827721783065
2022-08-22,10.376129521173993
2022-08-23,10.37133393658894
2022-08-24,10.312942391863544
2022-08-25,10.373401793564653
2022-08-26,10.43912428539943
2022-08-27,10.387914087090621
2022-08-28,10.417239002593305
2022-08-29,10.38554080198412
2022-08-30,10.380745217399067
2022-08-31,10.430803489377581
2022-09-01,10.453182258392076
2022-09-02,10.518904750226852
2022-09-03,10.459872693988814
2022-09-04,10.489197609491384
2022-09-05,10.465321386020833
2022-09-06,10.46052568222649
2022-09-07,10.402134256710497
2022-09-08,10.462593539202317
2022-09-09,10.52831603103698
2022-09-10,10.469283974798941
2022-09-11,10.498608890301625
2022-09-12,10.474732666831073
2022-09-13,10.46993696303673
2022-09-14,10.411545537520738
2022-09-15,10.704815794133538
2022-09-16,10.770538315770636
2022-09-17,10.719073575826314
2022-09-18,10.748398491328999
2022-09-19,10.689516787807406
2022-09-20,10.689499081745112
2022-09-21,10.672584323156457
2022-09-22,10.714227074943778
2022-09-23,10.779949596580877
2022-09-24,10.728484856636555
2022-09-25,10.757809772139126
2022-09-26,10.698928068617533
2022-09-27,10.698910362555353
2022-09-28,10.681995603966698
2022-09-29,10.72363835575402
2022-09-30,10.789360877391118
2022-10-01,10.745502464980405
2022-10-02,10.767221052949367
2022-10-03,10.739554361501291
2022-10-04,10.739536715043755
2022-10-05,10.722622045862067
2022-10-06,10.76864740797032
2022-10-07,10.83436992960742
2022-10-08,10.754913745790645
2022-10-09,10.776632333759608
2022-10-10,10.748965642311532
2022-10-11,10.748947995853996
2022-10-12,10.732033326672195
2022-10-13,10.778058688780561
2022-10-14,10.84378121041766
2022-10-15,10.764325026600886
2022-10-16,10.786043614569849
2022-10-17,10.75837692312166
2022-10-18,10.758359276664123
2022-10-19,10.741444607482435
2022-10-20,10.787469969590802
2022-10-21,10.853192491227901
2022-10-22,10.773736307411014
2022-10-23,10.795454895379976
2022-10-24,10.7677882039319
2022-10-25,10.767770557474364
2022-10-26,10.750855888292676
2022-10-27,10.796881250401043
2022-10-28,10.862603772038028
2022-10-29,10.783147588221254
2022-10-30,10.804866176190217
2022-10-31,10.998439528382278
2022-11-01,11.567391042243116
2022-11-02,11.550476373061315
2022-11-03,11.596501735169682
2022-11-04,11.66222425680678
2022-11-05,11.582768072990007
2022-11-06,11.595119731427872
2022-11-07,11.567676438188414
2022-11-08,11.576802323053244
2022-11-09,11.559887653871556
2022-11-10,11.605913015979922
2022-11-11,11.671635537617021
2022-11-12,11.592179353800248
2022-11-13,11.604531012237999
2022-11-14,11.577087718998541
2022-11-15,11.586213603863484
2022-11-16,11.569298934681797
2022-11-17,11.615324296790163
2022-11-18,11.681046818427149
2022-11-19,11.601590634610375
2022-11-20,11.61394229304824
2022-11-21,11.586498999808782
2022-11-22,11.595624884673725
2022-11-23,11.578710215492038
2022-11-24,11.62473557760029
2022-11-25,11.69045809923739
2022-11-26,11.611001915420616
2022-11-27,11.62335357385848
2022-11-28,11.595910280619023
2022-11-29,11.605036165483853
2022-11-30,11.588121496302165
2022-12-01,11.634146858410531
2022-12-02,11.69986938004763
2022-12-03,11.620413196230857
2022-12-04,11.632764854668608
2022-12-05,11.60532156142915
2022-12-06,11.614447446294093
2022-12-07,11.597532777112406
2022-12-08,11.643558139220772
2022-12-09,11.709280660857871
2022-12-10,11.629824477040984
2022-12-11,11.642176135478849
2022-12-12,11.614732842239391
2022-12-13,11.623858727104334
2022-12-14,11.606944057922647
2022-12-15,11.6529694200309
2022-12-16,11.645111497808898
2022-12-17,11.565655313992124
2022-12-18,11.640129257796048
2022-12-19,11.550563694091693
2022-12-20,11.55968950445083
2022-12-21,11.542774820367868
2022-12-22,11.58880025698204
2022-12-23,11.654522778619139
2022-12-24,11.575066594802365
2022-12-25,11.649540538606288
2022-12-26,11.55997497490182
2022-12-27,11.569100785260957
2022-12-28,11.552186101178108
2022-12-29,11.598211537792281
2022-12-30,11.66393405942938
2022-12-31,11.639584128044362
2023-01-01,11.79898238229407
2023-01-02,11.701136139006167
2023-01-03,11.717607074444459
2023-01-04,11.694793899813476
2023-01-05,11.740819410933454
2023-01-06,11.774051530110341
2023-01-07,11.733919719300388
2023-01-08,11.808393663104312
2023-01-09,11.710547419816407
2023-01-10,11.7270183552547
2023-01-11,11.704205180623603
2023-01-12,11.750230691743582
2023-01-13,11.783462810920582
2023-01-14,11.74333100011063
2023-01-15,11.817804943914552
2023-01-16,11.763581194370545
2023-01-17,11.780052040401756
2023-01-18,11.757239104189352
2023-01-19,11.803264317286107
2023-01-20,11.836496525870075
2023-01-21,11.796364715060122
2023-01-22,11.87083839064303
2023-01-23,11.772992475180672
2023-01-24,11.789463321211997
2023-01-25,11.766650384999593
2023-01-26,11.812675598096348
2023-01-27,11.845907806680202
2023-01-28,11.805775995870249
2023-01-29,11.88024967145327
2023-01-30,11.782403755990913
2023-01-31,11.998675868215628
2023-02-01,11.776061665809834
2023-02-02,11.822086878906475
2023-02-03,11.855319087490443
2023-02-04,11.81518727668049
2023-02-05,11.889660952263512
2023-02-06,11.791815036801154
2023-02-07,11.808285882832365
2023-02-08,11.785472946619961
2023-02-09,11.831498159716716
2023-02-10,11.864730368300684
2023-02-11,11.82459855749073
2023-02-12,11.899072233073753
2023-02-13,11.801226317611281
2023-02-14,11.817697163642606
2023-02-15,11.794884227430202
2023-02-16,11.840909440526957
2023-02-17,11.874141649110925
2023-02-18,11.834009838300858
2023-02-19,11.90848351388388
2023-02-20,11.810637598421522
2023-02-21,11.827108444452847
2023-02-22,11.804295508240443
2023-02-23,11.850320721337084
2023-02-24,11.883552929921052
2023-02-25,11.843421119111099
2023-02-26,11.91789479469412
2023-02-27,11.820048879231763
2023-02-28,11.836519725263088
2023-03-01,11.776302669082156
2023-03-02,11.822328150399812
2023-03-03,11.855560329181458
2023-03-04,11.815428101138991
2023-03-05,11.889902044942914
2023-03-06,11.792056189085088
2023-03-07,11.80852700531409
2023-03-08,11.785713949892397
2023-03-09,11.831739431210053
2023-03-10,11.864971609991699
2023-03-11,11.824839381949232
2023-03-12,11.899313325753042
2023-03-13,11.801467469895329
2023-03-14,11.817938286124331
2023-03-15,11.795125230702638
2023-03-16,11.841150712020294
2023-03-17,11.874382890801826
2023-03-18,11.83425066275936
2023-03-19,11.908724606563283
2023-03-20,11.81087875070557
2023-03-21,11.827349566934572
2023-03-22,11.804536511512765
2023-03-23,11.850561992830421
2023-03-24,11.883794171612067
2023-03-25,11.8436619435696
2023-03-26,11.918135887373523
2023-03-27,11.82029003151581
2023-03-28,11.8367608477447
2023-03-29,11.813947792323006
2023-03-30,11.859973273640662
2023-03-31,12.010616112212347
2023-04-01,11.343605376734558
2023-04-02,11.418079376417722
2023-04-03,11.320233442328913
2023-04-04,11.336704206403851
2023-04-05,11.313891143531578
2023-04-06,11.359916527991686
2023-04-07,11.393148766377976
2023-04-08,11.353016657544686
2023-04-09,11.427490657227963
2023-04-10,11.329644723139154
2023-04-11,11.346115487214092
2023-04-12,11.323302424341819
2023-04-13,11.369327808801813
2023-04-14,11.402560047188103
2023-04-15,11.362427938354926
2023-04-16,11.436901938038204
2023-04-17,11.339056003949395
2023-04-18,11.35552676802422
2023-04-19,11.332713705151946
2023-04-20,11.378739089612054
2023-04-21,11.411971327998344
2023-04-22,11.371839219165167
2023-04-23,11.446313218848445
2023-04-24,11.348467284759522
2023-04-25,11.36493804883446
2023-04-26,11.342124985962187
2023-04-27,11.388150370422295
2023-04-28,11.421382608808585
2023-04-29,11.381250499975295
2023-04-30,11.455724499658572
2023-05-01,11.000952332993393
2023-05-02,11.017423149222395
2023-05-03,10.994610123603024
2023-05-04,11.040635485711277
2023-05-05,11.106358007348376
2023-05-06,11.0662258985152
2023-05-07,11.140699842319123
2023-05-08,11.010363613803634
2023-05-09,11.026834430032636
2023-05-10,11.004021404413152
2023-05-11,11.050046766521518
2023-05-12,11.115769288158617
2023-05-13,11.07563717932544
2023-05-14,11.150111123129363
2023-05-15,11.01977489461376
2023-05-16,11.036245710842763
2023-05-17,11.013432685223393
2023-05-18,11.05945804733176
2023-05-19,11.125180568968858
2023-05-20,11.085048460135681
2023-05-21,11.15952240393949
2023-05-22,11.029186175424002
2023-05-23,11.045656991653004
2023-05-24,11.022843966033633
2023-05-25,11.068869328142
2023-05-26,11.134591849778985
2023-05-27,11.094459740945808
2023-05-28,11.168933684749732
2023-05-29,11.038597456234243
2023-05-30,11.055068272463245
2023-05-31,11.19248948952145
2023-06-01,11.006960701048456
2023-06-02,11.072683639918068
2023-06-03,11.032551531084891
2023-06-04,11.10702553449346
2023-06-05,10.960732755141407
2023-06-06,10.977203571370296
2023-06-07,10.970346679354975
2023-06-08,11.016371981858697
2023-06-09,11.08209492072831
2023-06-10,11.041962811895132
2023-06-11,11.116436815303587
2023-06-12,10.970144035951535
2023-06-13,10.986614852180537
2023-06-14,10.979757960165216
2023-06-15,11.025783262668938
2023-06-16,11.09150620153855
2023-06-17,11.05137409270526
2023-06-18,11.125848096113828
2023-06-19,10.979555316761775
2023-06-20,10.996026132990778
2023-06-21,10.989169240975457
2023-06-22,11.035194543479065
2023-06-23,11.100917482348677
2023-06-24,11.0607853735155
2023-06-25,11.135259376924068
2023-06-26,10.988966597572016
2023-06-27,11.005437413800905
2023-06-28,10.998580521785584
2023-06-29,11.044605824289306
2023-06-30,11.110328763158918
2023-07-01,11.070196654325741
2023-07-02,11.14467065773431
2023-07-03,10.998377878382144
2023-07-04,11.014848694611146
2023-07-05,11.007991802595825
2023-07-06,11.054017105099547
2023-07-07,11.11974004396916
2023-07-08,11.079607935135869
2023-07-09,11.154081938544437
2023-07-10,11.007789159192384
2023-07-11,11.024259975421387
2023-07-12,11.017403083406066
2023-07-13,11.063428385909788
2023-07-14,11.129151324779286
2023-07-15,11.08901921594611
2023-07-16,11.163493219354677
2023-07-17,11.017200440002625
2023-07-18,11.033671256231628
2023-07-19,11.026814364216193
2023-07-20,11.072839666719915
2023-07-21,11.138562605589527
2023-07-22,11.09843049675635
2023-07-23,11.172904500164918
2023-07-24,11.026611720812753
2023-07-25,11.043082537041755
2023-07-26,11.036225645026434
2023-07-27,11.082250947530156
2023-07-28,11.147973886399768
2023-07-29,11.107841777566591
2023-07-30,11.182315780975046
2023-07-31,11.281976263475258
2023-08-01,11.027174360797858
2023-08-02,11.010259602209203
2023-08-03,11.056284904712925
2023-08-04,11.12200793298939
2023-08-05,11.078364842358042
2023-08-06,11.152839143789834
2023-08-07,11.036603317867957
2023-08-08,11.036585641608099
2023-08-09,11.019670883019444
2023-08-10,11.065696185523052
2023-08-11,11.131419213799632
2023-08-12,11.087776123168283
2023-08-13,11.162250424600074
2023-08-14,11.046014598678198
2023-08-15,11.045996922418226
2023-08-16,11.029082163829571
2023-08-17,11.075107466333293
2023-08-18,11.140830494609872
2023-08-19,11.097187403978523
2023-08-20,11.171661705410202
2023-08-21,11.055425879488325
2023-08-22,11.055408203228467
2023-08-23,11.038493444639812
2023-08-24,11.084518747143534
2023-08-25,11.150241775420113
2023-08-26,11.10659868478865
2023-08-27,11.181072986220443
2023-08-28,11.064837160298566
2023-08-29,11.064819484038708
2023-08-30,11.047904725450053
2023-08-31,11.251342944375551
2023-09-01,11.230022329654389
2023-09-02,11.178557589710067
2023-09-03,11.25303153351399
2023-09-04,11.144617923149212
2023-09-05,11.144600187284595
2023-09-06,11.127685488300585
2023-09-07,11.173711088827531
2023-09-08,11.23943361046463
2023-09-09,11.187968870520308
2023-09-10,11.262442814324231
2023-09-11,11.15402920395934
2023-09-12,11.154011468094836
2023-09-13,11.137096769110826
2023-09-14,11.183122369637772
2023-09-15,11.24884489127487
2023-09-16,11.197380151330435
2023-09-17,11.271854095134358
2023-09-18,11.16344048476958
2023-09-19,11.163422748905077
2023-09-20,11.146508049921067
2023-09-21,11.192533650448013
2023-09-22,11.258256172084998
2023-09-23,11.206791432140676
2023-09-24,11.2812653759446
2023-09-25,11.172851765579821
2023-09-26,11.172834029715318
2023-09-27,11.155919330731194
2023-09-28,11.20194493125814
2023-09-29,11.267667452895239
2023-09-30,11.216202712950917
2023-10-01,11.29067665675484
2023-10-02,11.21025460947169
2023-10-03,11.210236963014154
2023-10-04,11.19332208521621
2023-10-05,11.239347655940833
2023-10-06,11.305070177577932
2023-10-07,11.225613993761158
2023-10-08,11.300087937564967
2023-10-09,11.21966589028193
2023-10-10,11.219648243824395
2023-10-11,11.20273336602645
2023-10-12,11.248758936751074
2023-10-13,11.314481458388059
2023-10-14,11.235025274571285
2023-10-15,11.309499218375208
2023-10-16,11.229077171092172
2023-10-17,11.229059524634636
2023-10-18,11.212144646836691
2023-10-19,11.2581702175612
2023-10-20,11.3238927391983
2023-10-21,11.244436555381526
2023-10-22,11.31891049918545
2023-10-23,11.238488451902413
2023-10-24,11.238470805444763
2023-10-25,11.221555927646818
2023-10-26,11.267581498371442
2023-10-27,11.33330402000854
2023-10-28,11.253847836191767
2023-10-29,11.328321779995576
2023-10-30,11.24789973271254
2023-10-31,11.487549263455321
2023-11-01,12.009905084681577
2023-11-02,12.055930446789944
2023-11-03,12.121652968427043
2023-11-04,12.042196784610155
2023-11-05,12.116670728414078
2023-11-06,12.027105149808563
2023-11-07,12.036231034673506
2023-11-08,12.019316365491818
2023-11-09,12.065341727600071
2023-11-10,12.13106424923717
2023-11-11,12.051608065420396
2023-11-12,12.12608200922432
2023-11-13,12.036516430618803
2023-11-14,12.045642315483747
2023-11-15,12.028727646301945
2023-11-16,12.074753008410312
2023-11-17,12.14047553004741
2023-11-18,12.061019346230637
2023-11-19,12.13549329003456
2023-11-20,12.04592771142893
2023-11-21,12.055053596293874
2023-11-22,12.038138927112186
2023-11-23,12.084164289220553
2023-11-24,12.149886810857652
2023-11-25,12.070430627040764
2023-11-26,12.144904570844687
2023-11-27,12.055338992239172
2023-11-28,12.064464877104115
2023-11-29,12.047550207922427
2023-11-30,12.093575570030794
2023-12-01,12.159298091667779
2023-12-02,12.079841907851005
2023-12-03,12.154315851654928
2023-12-04,12.064750273049412
2023-12-05,12.073876157914356
2023-12-06,12.056961488732554
2023-12-07,12.10298685084092
2023-12-08,12.16870937247802
2023-12-09,12.089253188661246
2023-12-10,12.16372713246517
2023-12-11,12.074161553859653
2023-12-12,12.083287438724483
2023-12-13,12.066372769542795
2023-12-14,12.112398131651162
2023-12-15,12.17812065328826
2023-12-16,12.098664469471487
2023-12-17,12.173138413275296
2023-12-18,12.08357283466978
2023-12-19,12.092698719534724
2023-12-20,12.075784050353036
2023-12-21,12.121809412461403
2023-12-22,12.187531934098388
2023-12-23,12.108075750281614
2023-12-24,12.182549694085537
2023-12-25,12.092984115480022
2023-12-26,12.102110000344965
2023-12-27,12.085195331163277
2023-12-28,12.13122069327153
2023-12-29,12.196943214908629
2023-12-30,12.117487031091855
2023-12-31,12.237364485227886
2024-01-01,12.234145234880884
2024-01-02,12.250616080912096
2024-01-03,12.227803144699692
2024-01-04,12.273828357796447
2024-01-05,12.307060566380414
2024-01-06,12.266928755570461
2024-01-07,12.34140243115337
2024-01-08,12.243556515691012
2024-01-09,12.260027361722337
2024-01-10,12.237214425509933
2024-01-11,12.283239638606688
2024-01-12,12.316471847190655
2024-01-13,12.276340036380589
2024-01-14,12.35081371196361
2024-01-15,12.252967796501252
2024-01-16,12.269438642532577
2024-01-17,12.246625706320174
2024-01-18,12.292650919416815
2024-01-19,12.325883128000783
2024-01-20,12.28575131719083
2024-01-21,12.360224992773851
2024-01-22,12.262379077311493
2024-01-23,12.278849923342818
2024-01-24,12.256036987130301
2024-01-25,12.302062200227056
2024-01-26,12.335294408811023
2024-01-27,12.29516259800107
2024-01-28,12.369636273584092
2024-01-29,12.27179035812162
2024-01-30,12.288261204152946
2024-01-31,12.425682182792684
2024-02-01,12.311473481037297
2024-02-02,12.344705689621264
2024-02-03,12.304573878811198
2024-02-04,12.37904755439422
2024-02-05,12.281201638931861
2024-02-06,12.297672484963186
2024-02-07,12.274859548750783
2024-02-08,12.320884761847537
2024-02-09,12.354116970431392
2024-02-10,12.313985159621438
2024-02-11,12.38845883520446
2024-02-12,12.290612919742102
2024-02-13,12.307083765773427
2024-02-14,12.28427082956091
2024-02-15,12.330296042657665
2024-02-16,12.363528251241632
2024-02-17,12.32339644043168
2024-02-18,12.397870116014701
2024-02-19,12.300024200552343
2024-02-20,12.316495046583555
2024-02-21,12.29368211037115
2024-02-22,12.339707323467906
2024-02-23,12.372939532051873
2024-02-24,12.33280772124192
2024-02-25,12.407281396824828
2024-02-26,12.30943548136247
2024-02-27,12.325906327393795
2024-02-28,12.303093391181392
2024-02-29,12.349118604278146
2024-03-01,12.344946931312165
2024-03-02,12.304814703269699
2024-03-03,12.379288647073622
2024-03-04,12.281442791215909
2024-03-05,12.297913607444912
2024-03-06,12.275100552023218
2024-03-07,12.32112603334076
2024-03-08,12.354358212122406
2024-03-09,12.31422598407994
2024-03-10,12.388699927883863
2024-03-11,12.29085407202615
2024-03-12,12.307324888255039
2024-03-13,12.284511832833346
2024-03-14,12.330537314151002
2024-03-15,12.363769492932647
2024-03-16,12.32363726489018
2024-03-17,12.398111208694104
2024-03-18,12.300265352836277
2024-03-19,12.31673616906528
2024-03-20,12.293923113643586
2024-03-21,12.339948594961243
2024-03-22,12.373180773742888
2024-03-23,12.333048545700308
2024-03-24,12.407522489504231
2024-03-25,12.309676633646518
2024-03-26,12.32614744987552
2024-03-27,12.303334394453827
2024-03-28,12.34935987577137
2024-03-29,12.382592054553015
2024-03-30,12.342459826510549
2024-03-31,12.474566425219791
2024-04-01,11.809620044459734
2024-04-02,11.826090808534673
2024-04-03,11.803277745662285
2024-04-04,11.849303130122394
2024-04-05,11.882535368508684
2024-04-06,11.842403259675507
2024-04-07,11.916877259358785
2024-04-08,11.819031325269862
2024-04-09,11.8355020893448
2024-04-10,11.812689026472526
2024-04-11,11.858714410932635
2024-04-12,11.891946649318925
2024-04-13,11.851814540485748
2024-04-14,11.926288540168912
2024-04-15,11.828442606080102
2024-04-16,11.84491337015504
2024-04-17,11.822100307282767
2024-04-18,11.868125691742875
2024-04-19,11.901357930129052
2024-04-20,11.861225821295875
2024-04-21,11.935699820979153
2024-04-22,11.837853886890343
2024-04-23,11.854324650965282
2024-04-24,11.831511588092894
2024-04-25,11.877536972553003
2024-04-26,11.910769210939293
2024-04-27,11.870637102106116
2024-04-28,11.945111101789394
2024-04-29,11.847265167700584
2024-04-30,11.863735931775409
2024-05-01,11.483996725733732
2024-05-02,11.530022087842099
2024-05-03,11.595744609479198
2024-05-04,11.55561250064602
2024-05-05,11.63008644444983
2024-05-06,11.499750215934341
2024-05-07,11.516221032163344
2024-05-08,11.493408006543973
2024-05-09,11.53943336865234
2024-05-10,11.605155890289439
2024-05-11,11.565023781456148
2024-05-12,11.639497725260071
2024-05-13,11.509161496744582
2024-05-14,11.525632312973585
2024-05-15,11.502819287354214
2024-05-16,11.548844649462467
2024-05-17,11.614567171099566
2024-05-18,11.574435062266389
2024-05-19,11.648909006070312
2024-05-20,11.518572777554823
2024-05-21,11.535043593783712
2024-05-22,11.512230568164341
2024-05-23,11.558255930272708
2024-05-24,11.623978451909807
2024-05-25,11.58384634307663
2024-05-26,11.658320286880553
2024-05-27,11.52798405836495
2024-05-28,11.544454874593953
2024-05-29,11.521641848974582
2024-05-30,11.567667211082949
2024-05-31,11.750800630928666
2024-06-01,11.521938133215599
2024-06-02,11.596412136624167
2024-06-03,11.450119357272115
2024-06-04,11.466590173501118
2024-06-05,11.459733281485796
2024-06-06,11.505758583989405
2024-06-07,11.571481522859017
2024-06-08,11.53134941402584
2024-06-09,11.605823417434408
2024-06-10,11.459530638082356
2024-06-11,11.476001454311358
2024-06-12,11.469144562295924
2024-06-13,11.515169864799645
2024-06-14,11.580892803669258
2024-06-15,11.54076069483608
2024-06-16,11.615234698244649
2024-06-17,11.468941918892483
2024-06-18,11.485412735121486
2024-06-19,11.478555843106165
2024-06-20,11.524581145609886
2024-06-21,11.590304084479499
2024-06-22,11.550171975646322
2024-06-23,11.624645979054776
2024-06-24,11.478353199702724
2024-06-25,11.494824015931727
2024-06-26,11.487967123916405
2024-06-27,11.533992426420127
2024-06-28,11.599715365289626
2024-06-29,11.559583256456449
2024-06-30,11.634057259865017
2024-07-01,11.487764480512965
2024-07-02,11.504235296741967
2024-07-03,11.497378404726533
2024-07-04,11.543403707230254
2024-07-05,11.609126646099867
2024-07-06,11.56899453726669
2024-07-07,11.643468540675258
2024-07-08,11.497175761323206
2024-07-09,11.513646577552095
2024-07-10,11.506789685536774
2024-07-11,11.552814988040495
2024-07-12,11.618537926910108
2024-07-13,11.57840581807693
2024-07-14,11.652879821485385
2024-07-15,11.506587042133333
2024-07-16,11.523057858362336
2024-07-17,11.516200966347014
2024-07-18,11.562226268850736
2024-07-19,11.627949207720349
2024-07-20,11.587817098887058
2024-07-21,11.662291102295626
2024-07-22,11.515998322943574
2024-07-23,11.532469139172576
2024-07-24,11.525612247157255
2024-07-25,11.571637549660863
2024-07-26,11.637360488530476
2024-07-27,11.597228379697299
2024-07-28,11.671702383105867
2024-07-29,11.525409603753815
2024-07-30,11.541880419982704
2024-07-31,11.74613662325089
2024-08-01,11.545671506843632
2024-08-02,11.611394535120212
2024-08-03,11.567751444488863
2024-08-04,11.642225745920655
2024-08-05,11.525989919998665
2024-08-06,11.525972243738806
2024-08-07,11.509057485150151
2024-08-08,11.555082787653873
2024-08-09,11.620805815930453
2024-08-10,11.57716272529899
2024-08-11,11.651637026730782
2024-08-12,11.535401200808906
2024-08-13,11.535383524549047
2024-08-14,11.518468765960392
2024-08-15,11.564494068464114
2024-08-16,11.63021709674058
2024-08-17,11.586574006109231
2024-08-18,11.661048307541023
2024-08-19,11.544812481619147
2024-08-20,11.544794805359288
2024-08-21,11.52788004677052
2024-08-22,11.573905349274241
2024-08-23,11.639628377550821
2024-08-24,11.595985286919472
2024-08-25,11.670459588351264
2024-08-26,11.554223762429274
2024-08-27,11.554206086169415
2024-08-28,11.53729132758076
2024-08-29,11.583316630084482
2024-08-30,11.649039658361062
2024-08-31,11.622542141822578
2024-09-01,11.742418135644698
2024-09-02,11.63400452527992
2024-09-03,11.633986789415417
2024-09-04,11.617072090431407
2024-09-05,11.663097690958352
2024-09-06,11.728820212595338
2024-09-07,11.677355472651016
2024-09-08,11.751829416454939
2024-09-09,11.643415806090161
2024-09-10,11.643398070225658
2024-09-11,11.626483371241648
2024-09-12,11.67250897176848
2024-09-13,11.738231493405578
2024-09-14,11.686766753461256
2024-09-15,11.76124069726518
2024-09-16,11.652827086900402
2024-09-17,11.652809351035785
2024-09-18,11.635894652051775
2024-09-19,11.68192025257872
2024-09-20,11.74764277421582
2024-09-21,11.696178034271497
2024-09-22,11.770651978075307
2024-09-23,11.662238367710529
2024-09-24,11.662220631846026
2024-09-25,11.645305932862016
2024-09-26,11.691331533388961
2024-09-27,11.75705405502606
2024-09-28,11.705589315081625
2024-09-29,11.780063258885548
2024-09-30,11.67164964852077
2024-10-01,11.699623565144975
2024-10-02,11.68270868734703
2024-10-03,11.72873425807154
2024-10-04,11.79445677970864
2024-10-05,11.715000595891865
2024-10-06,11.789474539695789
2024-10-07,11.709052492412752
2024-10-08,11.709034845955102
2024-10-09,11.692119968157158
2024-10-10,11.738145538881781
2024-10-11,11.80386806051888
2024-10-12,11.724411876702106
2024-10-13,11.79888582050603
2024-10-14,11.71846377322288
2024-10-15,11.718446126765343
2024-10-16,11.701531248967399
2024-10-17,11.747556819692022
2024-10-18,11.813279341329121
2024-10-19,11.733823157512234
2024-10-20,11.808297101316157
2024-10-21,11.72787505403312
2024-10-22,11.727857407575584
2024-10-23,11.71094252977764
2024-10-24,11.756968100502263
2024-10-25,11.822690622139248
2024-10-26,11.743234438322474
2024-10-27,11.817708382126398
2024-10-28,11.737286334843361
2024-10-29,11.737268688385825
2024-10-30,11.720353810587767
2024-10-31,12.250785463271995
2024-11-01,12.61103957055775
2024-11-02,12.531583386740976
2024-11-03,12.6060573305449
2024-11-04,12.51649175193927
2024-11-05,12.525617636804213
2024-11-06,12.508702967622526
2024-11-07,12.554728329730892
2024-11-08,12.620450851367991
2024-11-09,12.540994667551217
2024-11-10,12.615468611355027
2024-11-11,12.525903032749511
2024-11-12,12.535028917614454
2024-11-13,12.518114248432767
2024-11-14,12.564139610541133
2024-11-15,12.629862132178118
2024-11-16,12.550405948361345
2024-11-17,12.624879892165268
2024-11-18,12.535314313559752
2024-11-19,12.544440198424695
2024-11-20,12.527525529243007
2024-11-21,12.57355089135126
2024-11-22,12.63927341298836
2024-11-23,12.559817229171585
2024-11-24,12.634291172975509
2024-11-25,12.544725594369993
2024-11-26,12.553851479234822
2024-11-27,12.536936810053135
2024-11-28,12.582962172161501
2024-11-29,12.6486846937986
2024-11-30,12.569228509981826
2024-12-01,12.643702453785636
2024-12-02,12.55413687518012
2024-12-03,12.563262760045063
2024-12-04,12.546348090863376
2024-12-05,12.592373452971742
2024-12-06,12.658095974608841
2024-12-07,12.578639790791954
2024-12-08,12.653113734595877
2024-12-09,12.563548155990361
2024-12-10,12.572674040855304
2024-12-11,12.555759371673616
2024-12-12,12.60178473378187
2024-12-13,12.667507255418968
2024-12-14,12.588051071602194
2024-12-15,12.662525015406118
2024-12-16,12.572959436800602
2024-12-17,12.582085321665545
2024-12-18,12.565170652483744
2024-12-19,12.61119601459211
2024-12-20,12.67691853622921
2024-12-21,12.597462352412435
2024-12-22,12.671936296216359
2024-12-23,12.58237071761073
2024-12-24,12.591496602475672
2024-12-25,12.574581933293985
2024-12-26,12.620607295402351
2024-12-27,12.68632981703945
2024-12-28,12.606873633222563
2024-12-29,12.681347577026486
2024-12-30,12.59178199842097
2024-12-31,12.835847845911417
2025-01-01,12.717189746830513
2025-01-02,12.763214959927268
2025-01-03,12.796447168511122
2025-01-04,12.756315357701169
2025-01-05,12.83078903328419
2025-01-06,12.732943117821833
2025-01-07,12.749413963853158
2025-01-08,12.72660102764064
2025-01-09,12.772626240737395
2025-01-10,12.805858449321363
2025-01-11,12.76572663851141
2025-01-12,12.840200314094432
2025-01-13,12.742354398632074
2025-01-14,12.758825244663285
2025-01-15,12.736012308450881
2025-01-16,12.782037521547636
2025-01-17,12.815269730131604
2025-01-18,12.77513791932165
2025-01-19,12.849611594904559
2025-01-20,12.751765679442201
2025-01-21,12.768236525473526
2025-01-22,12.745423589261122
2025-01-23,12.791448802357877
2025-01-24,12.824681010941731
2025-01-25,12.784549200131778
2025-01-26,12.8590228757148
2025-01-27,12.761176960252442
2025-01-28,12.777647806283767
2025-01-29,12.754834870071363
2025-01-30,12.800860083168004
2025-01-31,12.951503011146656
2025-02-01,12.793960480942019
2025-02-02,12.86843415652504
2025-02-03,12.770588241062683
2025-02-04,12.787059087093894
2025-02-05,12.76424615088149
2025-02-06,12.810271363978245
2025-02-07,12.843503572562213
2025-02-08,12.80337176175226
2025-02-09,12.877845437335168
2025-02-10,12.77999952187281
2025-02-11,12.796470367904135
2025-02-12,12.773657431691731
2025-02-13,12.819682644788486
2025-02-14,12.852914853372454
2025-02-15,12.812783042562387
2025-02-16,12.887256718145409
2025-02-17,12.78941080268305
2025-02-18,12.805881648714376
2025-02-19,12.783068712501972
2025-02-20,12.829093925598613
2025-02-21,12.862326134182581
2025-02-22,12.822194323372628
2025-02-23,12.89666799895565
2025-02-24,12.798822083493292
2025-02-25,12.815292929524617
2025-02-26,12.7924799933121
2025-02-27,12.838505206408854
2025-02-28,12.871737414992822
2025-03-01,12.79420130540052
2025-03-02,12.868675249204443
2025-03-03,12.770829393346617
2025-03-04,12.78730020957562
2025-03-05,12.764487154153926
2025-03-06,12.810512635471582
2025-03-07,12.843744814253228
2025-03-08,12.803612586210647
2025-03-09,12.87808653001457
2025-03-10,12.780240674156857
2025-03-11,12.79671149038586
2025-03-12,12.773898434964167
2025-03-13,12.819923916281823
2025-03-14,12.853156095063355
2025-03-15,12.813023867020888
2025-03-16,12.887497810824811
2025-03-17,12.789651954967098
2025-03-18,12.806122771196101
2025-03-19,12.783309715774294
2025-03-20,12.82933519709195
2025-03-21,12.862567375873596
2025-03-22,12.82243514783113
2025-03-23,12.896909091635052
2025-03-24,12.79906323577734
2025-03-25,12.815534052006228
2025-03-26,12.792720996584535
2025-03-27,12.838746477902191
2025-03-28,12.871978656683837
2025-03-29,12.83184642864137
2025-03-30,12.90632037244518
2025-03-31,13.003548896031589
2025-04-01,12.31547741066538
2025-04-02,12.292664347793107
2025-04-03,12.338689732253215
2025-04-04,12.371921970639391
2025-04-05,12.331789861806215
2025-04-06,12.406263861489492
2025-04-07,12.308417927400683
2025-04-08,12.324888691475621
2025-04-09,12.302075628603347
2025-04-10,12.348101013063342
2025-04-11,12.381333251449632
2025-04-12,12.341201142616455
2025-04-13,12.415675142299733
2025-04-14,12.317829208210924
2025-04-15,12.334299972285748
2025-04-16,12.311486909413475
2025-04-17,12.357512293873583
2025-04-18,12.390744532259873
2025-04-19,12.350612423426696
2025-04-20,12.425086423109974
2025-04-21,12.327240489021051
2025-04-22,12.34371125309599
2025-04-23,12.320898190223716
2025-04-24,12.366923574683824
2025-04-25,12.400155813070114
2025-04-26,12.360023704236824
2025-04-27,12.434497703920101
2025-04-28,12.336651769831292
2025-04-29,12.35312253390623
2025-04-30,12.330309471033956
2025-05-01,12.019408689972806
2025-05-02,12.085131211609905
2025-05-03,12.044999102776728
2025-05-04,12.119473046580651
2025-05-05,11.989136818065163
2025-05-06,12.005607634294165
2025-05-07,11.98279460867468
2025-05-08,12.028819970783047
2025-05-09,12.094542492420146
2025-05-10,12.05441038358697
2025-05-11,12.128884327390892
2025-05-12,11.99854809887529
2025-05-13,12.015018915104292
2025-05-14,11.992205889484921
2025-05-15,12.038231251593288
2025-05-16,12.103953773230387
2025-05-17,12.06382166439721
2025-05-18,12.13829560820102
2025-05-19,12.00795937968553
2025-05-20,12.024430195914533
2025-05-21,12.001617170295162
2025-05-22,12.047642532403529
2025-05-23,12.113365054040514
2025-05-24,12.073232945207337
2025-05-25,12.14770688901126
2025-05-26,12.017370660495772
2025-05-27,12.033841476724774
2025-05-28,12.01102845110529
2025-05-29,12.057053813213656
2025-05-30,12.122776334850755
2025-05-31,12.14997950381337
2025-06-01,12.085798738754988
2025-06-02,11.939505959402936
2025-06-03,11.955976775631825
2025-06-04,11.949119883616504
2025-06-05,11.995145186120226
2025-06-06,12.060868124989838
2025-06-07,12.020736016156661
2025-06-08,12.095210019565116
2025-06-09,11.948917240213063
2025-06-10,11.965388056442066
2025-06-11,11.958531164426745
2025-06-12,12.004556466930467
2025-06-13,12.070279405800079
2025-06-14,12.030147296966788
2025-06-15,12.104621300375356
2025-06-16,11.958328521023304
2025-06-17,11.974799337252307
2025-06-18,11.967942445236986
2025-06-19,12.013967747740594
2025-06-20,12.079690686610206
2025-06-21,12.03955857777703
2025-06-22,12.114032581185597
2025-06-23,11.967739801833545
2025-06-24,11.984210618062434
2025-06-25,11.977353726047113
2025-06-26,12.023379028550835
2025-06-27,12.089101967420447
2025-06-28,12.04896985858727
2025-06-29,12.123443861995838
2025-06-30,11.977151082643672
2025-07-01,11.993621898872675
2025-07-02,11.986765006857354
2025-07-03,12.032790309361076
2025-07-04,12.098513248230688
2025-07-05,12.058381139397397
2025-07-06,12.132855142805965
2025-07-07,11.986562363453913
2025-07-08,12.003033179682916
2025-07-09,11.996176287667595
2025-07-10,12.042201590171203
2025-07-11,12.107924529040815
2025-07-12,12.067792420207638
2025-07-13,12.142266423616206
2025-07-14,11.995973644264154
2025-07-15,12.012444460493157
2025-07-16,12.005587568477722
2025-07-17,12.051612870981444
2025-07-18,12.117335809851056
2025-07-19,12.07720370101788
2025-07-20,12.151677704426447
2025-07-21,12.005384925074281
2025-07-22,12.021855741303284
2025-07-23,12.014998849287963
2025-07-24,12.061024151791685
2025-07-25,12.126747090661297
2025-07-26,12.08661498182812
2025-07-27,12.161088985236574
2025-07-28,12.014796205884522
2025-07-29,12.031267022113525
2025-07-30,12.024410130098204
2025-07-31,12.281548587490079
2025-08-01,12.10078113725092
2025-08-02,12.05713804661957
2025-08-03,12.131612348051362
2025-08-04,12.015376522129486
2025-08-05,12.015358845869628
2025-08-06,11.998444087280859
2025-08-07,12.044469389784581
2025-08-08,12.11019241806116
2025-08-09,12.066549327429811
2025-08-10,12.141023628861603
2025-08-11,12.024787802939727
2025-08-12,12.024770126679755
2025-08-13,12.0078553680911
2025-08-14,12.053880670594822
2025-08-15,12.119603698871401
2025-08-16,12.075960608240052
2025-08-17,12.15043490967173
2025-08-18,12.034199083749854
2025-08-19,12.034181407489996
2025-08-20,12.01726664890134
2025-08-21,12.063291951405063
2025-08-22,12.129014979681642
2025-08-23,12.08537188905018
2025-08-24,12.159846190481971
2025-08-25,12.043610364560095
2025-08-26,12.043592688300237
2025-08-27,12.026677929711582
2025-08-28,12.07270323221519
2025-08-29,12.13842626049177
2025-08-30,12.09478316986042
2025-08-31,12.176700213878348
2025-09-01,12.123391127410741
2025-09-02,12.123373391546124
2025-09-03,12.106458692562114
2025-09-04,12.15248429308906
2025-09-05,12.218206814726159
2025-09-06,12.166742074781837
2025-09-07,12.24121601858576
2025-09-08,12.132802408220869
2025-09-09,12.132784672356365
2025-09-10,12.115869973372355
2025-09-11,12.1618955738993
2025-09-12,12.2276180955364
2025-09-13,12.176153355591964
2025-09-14,12.250627299395887
2025-09-15,12.14221368903111
2025-09-16,12.142195953166606
2025-09-17,12.125281254182596
2025-09-18,12.171306854709542
2025-09-19,12.237029376346527
2025-09-20,12.185564636402205
2025-09-21,12.260038580206128
2025-09-22,12.15162496984135
2025-09-23,12.151607233976847
2025-09-24,12.134692534992723
2025-09-25,12.180718135519669
2025-09-26,12.246440657156768
2025-09-27,12.194975917212446
2025-09-28,12.26944986101637
2025-09-29,12.161036250651478
2025-09-30,12.161018514786974
